{
  "Almaty": {
    "mae": 10.815667151737552,
    "r2": 0.817997493926264,
    "rmse": 21.634983549800786
  },
  "Astana": {
    "mae": 10.8866751150455,
    "r2": 0.8350133155556435,
    "rmse": 23.659758449494138
  },
  "Karaganda": {
    "mae": 9.831235605049038,
    "r2": 0.8906811021494179,
    "rmse": 22.68125547380195
  }
}