{
  "Almaty": {
    "mae": 8.910302557920271,
    "r2": 0.899281832407197,
    "rmse": 18.250604621768
  },
  "Astana": {
    "mae": 9.065691140436348,
    "r2": 0.9212176668101202,
    "rmse": 18.124806022709645
  },
  "Karaganda": {
    "mae": 7.303371559223768,
    "r2": 0.9375691454014053,
    "rmse": 17.505255036342806
  },
  "Shymkent": {
    "mae": 6.463892699851066,
    "r2": 0.9353247359631488,
    "rmse": 15.596878519106884
  },
  "Aktobe": {
    "mae": 8.346030149478134,
    "r2": 0.9139326868067558,
    "rmse": 16.45832409622828
  },
  "Pavlodar": {
    "mae": 8.39554540228807,
    "r2": 0.9289227997122504,
    "rmse": 17.351741633082213
  },
  "Taraz": {
    "mae": 8.78226442839273,
    "r2": 0.9250226305364476,
    "rmse": 20.322049444223897
  },
  "Atyrau": {
    "mae": 5.363443176415708,
    "r2": 0.9191802327841054,
    "rmse": 11.406247457883605
  },
  "Kostanay": {
    "mae": 8.10881995160778,
    "r2": 0.9094147592581058,
    "rmse": 15.791018985917278
  },
  "Aktau": {
    "mae": 8.513064761758091,
    "r2": 0.9259044659522827,
    "rmse": 17.02794868156384
  }
}